"",".threshold",".metric",".estimator",".estimate"
"1",0,"sensitivity","binary",1
"2",0.0025,"sensitivity","binary",1
"3",0.005,"sensitivity","binary",1
"4",0.0075,"sensitivity","binary",1
"5",0.01,"sensitivity","binary",1
"6",0.0125,"sensitivity","binary",1
"7",0.015,"sensitivity","binary",1
"8",0.0175,"sensitivity","binary",1
"9",0.02,"sensitivity","binary",1
"10",0.0225,"sensitivity","binary",0.9998
"11",0.025,"sensitivity","binary",0.9998
"12",0.0275,"sensitivity","binary",0.9998
"13",0.03,"sensitivity","binary",0.9996
"14",0.0325,"sensitivity","binary",0.9992
"15",0.035,"sensitivity","binary",0.9992
"16",0.0375,"sensitivity","binary",0.999
"17",0.04,"sensitivity","binary",0.999
"18",0.0425,"sensitivity","binary",0.999
"19",0.045,"sensitivity","binary",0.999
"20",0.0475,"sensitivity","binary",0.999
"21",0.05,"sensitivity","binary",0.9988
"22",0.0525,"sensitivity","binary",0.9988
"23",0.055,"sensitivity","binary",0.9988
"24",0.0575,"sensitivity","binary",0.9986
"25",0.06,"sensitivity","binary",0.9984
"26",0.0625,"sensitivity","binary",0.9984
"27",0.065,"sensitivity","binary",0.9984
"28",0.0675,"sensitivity","binary",0.998
"29",0.07,"sensitivity","binary",0.998
"30",0.0725,"sensitivity","binary",0.9978
"31",0.075,"sensitivity","binary",0.9978
"32",0.0775,"sensitivity","binary",0.9976
"33",0.08,"sensitivity","binary",0.9974
"34",0.0825,"sensitivity","binary",0.997
"35",0.085,"sensitivity","binary",0.9966
"36",0.0875,"sensitivity","binary",0.9964
"37",0.09,"sensitivity","binary",0.9964
"38",0.0925,"sensitivity","binary",0.996
"39",0.095,"sensitivity","binary",0.996
"40",0.0975,"sensitivity","binary",0.996
"41",0.1,"sensitivity","binary",0.996
"42",0.1025,"sensitivity","binary",0.9956
"43",0.105,"sensitivity","binary",0.9954
"44",0.1075,"sensitivity","binary",0.9954
"45",0.11,"sensitivity","binary",0.9952
"46",0.1125,"sensitivity","binary",0.9946
"47",0.115,"sensitivity","binary",0.9946
"48",0.1175,"sensitivity","binary",0.9946
"49",0.12,"sensitivity","binary",0.994
"50",0.1225,"sensitivity","binary",0.9936
"51",0.125,"sensitivity","binary",0.9932
"52",0.1275,"sensitivity","binary",0.9924
"53",0.13,"sensitivity","binary",0.9922
"54",0.1325,"sensitivity","binary",0.9922
"55",0.135,"sensitivity","binary",0.992
"56",0.1375,"sensitivity","binary",0.9918
"57",0.14,"sensitivity","binary",0.9912
"58",0.1425,"sensitivity","binary",0.9906
"59",0.145,"sensitivity","binary",0.99
"60",0.1475,"sensitivity","binary",0.9898
"61",0.15,"sensitivity","binary",0.989
"62",0.1525,"sensitivity","binary",0.9884
"63",0.155,"sensitivity","binary",0.9878
"64",0.1575,"sensitivity","binary",0.9872
"65",0.16,"sensitivity","binary",0.9868
"66",0.1625,"sensitivity","binary",0.9864
"67",0.165,"sensitivity","binary",0.9864
"68",0.1675,"sensitivity","binary",0.9862
"69",0.17,"sensitivity","binary",0.986
"70",0.1725,"sensitivity","binary",0.9858
"71",0.175,"sensitivity","binary",0.9854
"72",0.1775,"sensitivity","binary",0.9852
"73",0.18,"sensitivity","binary",0.985
"74",0.1825,"sensitivity","binary",0.9846
"75",0.185,"sensitivity","binary",0.9836
"76",0.1875,"sensitivity","binary",0.9832
"77",0.19,"sensitivity","binary",0.9828
"78",0.1925,"sensitivity","binary",0.9826
"79",0.195,"sensitivity","binary",0.9822
"80",0.1975,"sensitivity","binary",0.9818
"81",0.2,"sensitivity","binary",0.9814
"82",0.2025,"sensitivity","binary",0.9814
"83",0.205,"sensitivity","binary",0.981
"84",0.2075,"sensitivity","binary",0.9806
"85",0.21,"sensitivity","binary",0.9802
"86",0.2125,"sensitivity","binary",0.98
"87",0.215,"sensitivity","binary",0.9796
"88",0.2175,"sensitivity","binary",0.9794
"89",0.22,"sensitivity","binary",0.9788
"90",0.2225,"sensitivity","binary",0.9784
"91",0.225,"sensitivity","binary",0.9776
"92",0.2275,"sensitivity","binary",0.977
"93",0.23,"sensitivity","binary",0.977
"94",0.2325,"sensitivity","binary",0.9766
"95",0.235,"sensitivity","binary",0.9762
"96",0.2375,"sensitivity","binary",0.9754
"97",0.24,"sensitivity","binary",0.975
"98",0.2425,"sensitivity","binary",0.9748
"99",0.245,"sensitivity","binary",0.9738
"100",0.2475,"sensitivity","binary",0.9736
"101",0.25,"sensitivity","binary",0.9732
"102",0.2525,"sensitivity","binary",0.972
"103",0.255,"sensitivity","binary",0.9716
"104",0.2575,"sensitivity","binary",0.9708
"105",0.26,"sensitivity","binary",0.97
"106",0.2625,"sensitivity","binary",0.969
"107",0.265,"sensitivity","binary",0.9686
"108",0.2675,"sensitivity","binary",0.9678
"109",0.27,"sensitivity","binary",0.9672
"110",0.2725,"sensitivity","binary",0.966
"111",0.275,"sensitivity","binary",0.965
"112",0.2775,"sensitivity","binary",0.9642
"113",0.28,"sensitivity","binary",0.9638
"114",0.2825,"sensitivity","binary",0.963
"115",0.285,"sensitivity","binary",0.9624
"116",0.2875,"sensitivity","binary",0.9612
"117",0.29,"sensitivity","binary",0.9604
"118",0.2925,"sensitivity","binary",0.9592
"119",0.295,"sensitivity","binary",0.958
"120",0.2975,"sensitivity","binary",0.957
"121",0.3,"sensitivity","binary",0.9562
"122",0.3025,"sensitivity","binary",0.955
"123",0.305,"sensitivity","binary",0.9544
"124",0.3075,"sensitivity","binary",0.953
"125",0.31,"sensitivity","binary",0.9526
"126",0.3125,"sensitivity","binary",0.9518
"127",0.315,"sensitivity","binary",0.9504
"128",0.3175,"sensitivity","binary",0.949
"129",0.32,"sensitivity","binary",0.9476
"130",0.3225,"sensitivity","binary",0.9468
"131",0.325,"sensitivity","binary",0.9466
"132",0.3275,"sensitivity","binary",0.9448
"133",0.33,"sensitivity","binary",0.9438
"134",0.3325,"sensitivity","binary",0.9432
"135",0.335,"sensitivity","binary",0.9414
"136",0.3375,"sensitivity","binary",0.9396
"137",0.34,"sensitivity","binary",0.939
"138",0.3425,"sensitivity","binary",0.9376
"139",0.345,"sensitivity","binary",0.9364
"140",0.3475,"sensitivity","binary",0.9346
"141",0.35,"sensitivity","binary",0.9324
"142",0.3525,"sensitivity","binary",0.9304
"143",0.355,"sensitivity","binary",0.9294
"144",0.3575,"sensitivity","binary",0.9282
"145",0.36,"sensitivity","binary",0.9258
"146",0.3625,"sensitivity","binary",0.9244
"147",0.365,"sensitivity","binary",0.9234
"148",0.3675,"sensitivity","binary",0.9218
"149",0.37,"sensitivity","binary",0.9202
"150",0.3725,"sensitivity","binary",0.9184
"151",0.375,"sensitivity","binary",0.9182
"152",0.3775,"sensitivity","binary",0.9158
"153",0.38,"sensitivity","binary",0.9132
"154",0.3825,"sensitivity","binary",0.9116
"155",0.385,"sensitivity","binary",0.9104
"156",0.3875,"sensitivity","binary",0.9088
"157",0.39,"sensitivity","binary",0.9076
"158",0.3925,"sensitivity","binary",0.905
"159",0.395,"sensitivity","binary",0.9026
"160",0.3975,"sensitivity","binary",0.9012
"161",0.4,"sensitivity","binary",0.8994
"162",0.4025,"sensitivity","binary",0.8982
"163",0.405,"sensitivity","binary",0.8948
"164",0.4075,"sensitivity","binary",0.8928
"165",0.41,"sensitivity","binary",0.8922
"166",0.4125,"sensitivity","binary",0.8894
"167",0.415,"sensitivity","binary",0.8876
"168",0.4175,"sensitivity","binary",0.8858
"169",0.42,"sensitivity","binary",0.8842
"170",0.4225,"sensitivity","binary",0.8816
"171",0.425,"sensitivity","binary",0.8794
"172",0.4275,"sensitivity","binary",0.8784
"173",0.43,"sensitivity","binary",0.8766
"174",0.4325,"sensitivity","binary",0.8746
"175",0.435,"sensitivity","binary",0.8724
"176",0.4375,"sensitivity","binary",0.8702
"177",0.44,"sensitivity","binary",0.8682
"178",0.4425,"sensitivity","binary",0.866
"179",0.445,"sensitivity","binary",0.8634
"180",0.4475,"sensitivity","binary",0.8612
"181",0.45,"sensitivity","binary",0.8582
"182",0.4525,"sensitivity","binary",0.8556
"183",0.455,"sensitivity","binary",0.8526
"184",0.4575,"sensitivity","binary",0.8502
"185",0.46,"sensitivity","binary",0.8474
"186",0.4625,"sensitivity","binary",0.8436
"187",0.465,"sensitivity","binary",0.8416
"188",0.4675,"sensitivity","binary",0.839
"189",0.47,"sensitivity","binary",0.8368
"190",0.4725,"sensitivity","binary",0.8348
"191",0.475,"sensitivity","binary",0.8322
"192",0.4775,"sensitivity","binary",0.829
"193",0.48,"sensitivity","binary",0.8264
"194",0.4825,"sensitivity","binary",0.824
"195",0.485,"sensitivity","binary",0.8214
"196",0.4875,"sensitivity","binary",0.819
"197",0.49,"sensitivity","binary",0.8166
"198",0.4925,"sensitivity","binary",0.813
"199",0.495,"sensitivity","binary",0.8104
"200",0.4975,"sensitivity","binary",0.806
"201",0.5,"sensitivity","binary",0.803
"202",0.5025,"sensitivity","binary",0.8
"203",0.505,"sensitivity","binary",0.7976
"204",0.5075,"sensitivity","binary",0.795
"205",0.51,"sensitivity","binary",0.793
"206",0.5125,"sensitivity","binary",0.7892
"207",0.515,"sensitivity","binary",0.7864
"208",0.5175,"sensitivity","binary",0.7844
"209",0.52,"sensitivity","binary",0.7816
"210",0.5225,"sensitivity","binary",0.7792
"211",0.525,"sensitivity","binary",0.7768
"212",0.5275,"sensitivity","binary",0.7756
"213",0.53,"sensitivity","binary",0.7736
"214",0.5325,"sensitivity","binary",0.7704
"215",0.535,"sensitivity","binary",0.7676
"216",0.5375,"sensitivity","binary",0.7654
"217",0.54,"sensitivity","binary",0.7618
"218",0.5425,"sensitivity","binary",0.759
"219",0.545,"sensitivity","binary",0.7566
"220",0.5475,"sensitivity","binary",0.754
"221",0.55,"sensitivity","binary",0.75
"222",0.5525,"sensitivity","binary",0.7476
"223",0.555,"sensitivity","binary",0.7448
"224",0.5575,"sensitivity","binary",0.7404
"225",0.56,"sensitivity","binary",0.738
"226",0.5625,"sensitivity","binary",0.736
"227",0.565,"sensitivity","binary",0.7324
"228",0.5675,"sensitivity","binary",0.729
"229",0.57,"sensitivity","binary",0.7254
"230",0.5725,"sensitivity","binary",0.7228
"231",0.575,"sensitivity","binary",0.7204
"232",0.5775,"sensitivity","binary",0.718
"233",0.58,"sensitivity","binary",0.715
"234",0.5825,"sensitivity","binary",0.7124
"235",0.585,"sensitivity","binary",0.711
"236",0.5875,"sensitivity","binary",0.7082
"237",0.59,"sensitivity","binary",0.705
"238",0.5925,"sensitivity","binary",0.7028
"239",0.595,"sensitivity","binary",0.7004
"240",0.5975,"sensitivity","binary",0.6968
"241",0.6,"sensitivity","binary",0.6928
"242",0.6025,"sensitivity","binary",0.6886
"243",0.605,"sensitivity","binary",0.6836
"244",0.6075,"sensitivity","binary",0.681
"245",0.61,"sensitivity","binary",0.6792
"246",0.6125,"sensitivity","binary",0.676
"247",0.615,"sensitivity","binary",0.6728
"248",0.6175,"sensitivity","binary",0.6698
"249",0.62,"sensitivity","binary",0.6668
"250",0.6225,"sensitivity","binary",0.6616
"251",0.625,"sensitivity","binary",0.6598
"252",0.6275,"sensitivity","binary",0.6564
"253",0.63,"sensitivity","binary",0.6534
"254",0.6325,"sensitivity","binary",0.651
"255",0.635,"sensitivity","binary",0.6476
"256",0.6375,"sensitivity","binary",0.6444
"257",0.64,"sensitivity","binary",0.6402
"258",0.6425,"sensitivity","binary",0.6364
"259",0.645,"sensitivity","binary",0.6316
"260",0.6475,"sensitivity","binary",0.6264
"261",0.65,"sensitivity","binary",0.6226
"262",0.6525,"sensitivity","binary",0.6188
"263",0.655,"sensitivity","binary",0.6142
"264",0.6575,"sensitivity","binary",0.6098
"265",0.66,"sensitivity","binary",0.607
"266",0.6625,"sensitivity","binary",0.6028
"267",0.665,"sensitivity","binary",0.599
"268",0.6675,"sensitivity","binary",0.5944
"269",0.67,"sensitivity","binary",0.5898
"270",0.6725,"sensitivity","binary",0.5868
"271",0.675,"sensitivity","binary",0.5824
"272",0.6775,"sensitivity","binary",0.5794
"273",0.68,"sensitivity","binary",0.5756
"274",0.6825,"sensitivity","binary",0.5734
"275",0.685,"sensitivity","binary",0.5696
"276",0.6875,"sensitivity","binary",0.565
"277",0.69,"sensitivity","binary",0.5618
"278",0.6925,"sensitivity","binary",0.5572
"279",0.695,"sensitivity","binary",0.5532
"280",0.6975,"sensitivity","binary",0.5496
"281",0.7,"sensitivity","binary",0.5454
"282",0.7025,"sensitivity","binary",0.5418
"283",0.705,"sensitivity","binary",0.5386
"284",0.7075,"sensitivity","binary",0.5346
"285",0.71,"sensitivity","binary",0.531
"286",0.7125,"sensitivity","binary",0.5268
"287",0.715,"sensitivity","binary",0.5228
"288",0.7175,"sensitivity","binary",0.518
"289",0.72,"sensitivity","binary",0.5138
"290",0.7225,"sensitivity","binary",0.5106
"291",0.725,"sensitivity","binary",0.5064
"292",0.7275,"sensitivity","binary",0.5034
"293",0.73,"sensitivity","binary",0.499
"294",0.7325,"sensitivity","binary",0.4946
"295",0.735,"sensitivity","binary",0.4908
"296",0.7375,"sensitivity","binary",0.487
"297",0.74,"sensitivity","binary",0.4824
"298",0.7425,"sensitivity","binary",0.4776
"299",0.745,"sensitivity","binary",0.4732
"300",0.7475,"sensitivity","binary",0.4708
"301",0.75,"sensitivity","binary",0.4676
"302",0.7525,"sensitivity","binary",0.463
"303",0.755,"sensitivity","binary",0.4606
"304",0.7575,"sensitivity","binary",0.4564
"305",0.76,"sensitivity","binary",0.4512
"306",0.7625,"sensitivity","binary",0.4476
"307",0.765,"sensitivity","binary",0.443
"308",0.7675,"sensitivity","binary",0.4392
"309",0.77,"sensitivity","binary",0.435
"310",0.7725,"sensitivity","binary",0.431
"311",0.775,"sensitivity","binary",0.426
"312",0.7775,"sensitivity","binary",0.421
"313",0.78,"sensitivity","binary",0.4172
"314",0.7825,"sensitivity","binary",0.414
"315",0.785,"sensitivity","binary",0.4096
"316",0.7875,"sensitivity","binary",0.4032
"317",0.79,"sensitivity","binary",0.399
"318",0.7925,"sensitivity","binary",0.3944
"319",0.795,"sensitivity","binary",0.3898
"320",0.7975,"sensitivity","binary",0.385
"321",0.8,"sensitivity","binary",0.3804
"322",0.8025,"sensitivity","binary",0.377
"323",0.805,"sensitivity","binary",0.3726
"324",0.8075,"sensitivity","binary",0.3682
"325",0.81,"sensitivity","binary",0.3644
"326",0.8125,"sensitivity","binary",0.3608
"327",0.815,"sensitivity","binary",0.3578
"328",0.8175,"sensitivity","binary",0.3534
"329",0.82,"sensitivity","binary",0.3488
"330",0.8225,"sensitivity","binary",0.3438
"331",0.825,"sensitivity","binary",0.3406
"332",0.8275,"sensitivity","binary",0.3348
"333",0.83,"sensitivity","binary",0.3298
"334",0.8325,"sensitivity","binary",0.3262
"335",0.835,"sensitivity","binary",0.3208
"336",0.8375,"sensitivity","binary",0.316
"337",0.84,"sensitivity","binary",0.3098
"338",0.8425,"sensitivity","binary",0.3044
"339",0.845,"sensitivity","binary",0.3002
"340",0.8475,"sensitivity","binary",0.2938
"341",0.85,"sensitivity","binary",0.2874
"342",0.8525,"sensitivity","binary",0.2816
"343",0.855,"sensitivity","binary",0.2768
"344",0.8575,"sensitivity","binary",0.2716
"345",0.86,"sensitivity","binary",0.267
"346",0.8625,"sensitivity","binary",0.261
"347",0.865,"sensitivity","binary",0.258
"348",0.8675,"sensitivity","binary",0.2524
"349",0.87,"sensitivity","binary",0.247
"350",0.8725,"sensitivity","binary",0.2406
"351",0.875,"sensitivity","binary",0.235
"352",0.8775,"sensitivity","binary",0.2292
"353",0.88,"sensitivity","binary",0.2246
"354",0.8825,"sensitivity","binary",0.2192
"355",0.885,"sensitivity","binary",0.2142
"356",0.8875,"sensitivity","binary",0.2094
"357",0.89,"sensitivity","binary",0.206
"358",0.8925,"sensitivity","binary",0.1994
"359",0.895,"sensitivity","binary",0.1918
"360",0.8975,"sensitivity","binary",0.1836
"361",0.9,"sensitivity","binary",0.178
"362",0.9025,"sensitivity","binary",0.1716
"363",0.905,"sensitivity","binary",0.1662
"364",0.9075,"sensitivity","binary",0.1592
"365",0.91,"sensitivity","binary",0.1536
"366",0.9125,"sensitivity","binary",0.147
"367",0.915,"sensitivity","binary",0.1408
"368",0.9175,"sensitivity","binary",0.1354
"369",0.92,"sensitivity","binary",0.1306
"370",0.9225,"sensitivity","binary",0.1248
"371",0.925,"sensitivity","binary",0.119
"372",0.9275,"sensitivity","binary",0.1126
"373",0.93,"sensitivity","binary",0.1074
"374",0.9325,"sensitivity","binary",0.101
"375",0.935,"sensitivity","binary",0.0944
"376",0.9375,"sensitivity","binary",0.0878
"377",0.94,"sensitivity","binary",0.0828
"378",0.9425,"sensitivity","binary",0.0762
"379",0.945,"sensitivity","binary",0.0704
"380",0.9475,"sensitivity","binary",0.0638
"381",0.95,"sensitivity","binary",0.0572
"382",0.9525,"sensitivity","binary",0.0514
"383",0.955,"sensitivity","binary",0.0458
"384",0.9575,"sensitivity","binary",0.0384
"385",0.96,"sensitivity","binary",0.032
"386",0.9625,"sensitivity","binary",0.0276
"387",0.965,"sensitivity","binary",0.0212
"388",0.9675,"sensitivity","binary",0.017
"389",0.97,"sensitivity","binary",0.0138
"390",0.9725,"sensitivity","binary",0.01
"391",0.975,"sensitivity","binary",0.0064
"392",0.9775,"sensitivity","binary",0.0034
"393",0.98,"sensitivity","binary",0.0012
"394",0.9825,"sensitivity","binary",4e-04
"395",0.985,"sensitivity","binary",0
"396",0.9875,"sensitivity","binary",0
"397",0.99,"sensitivity","binary",0
"398",0.9925,"sensitivity","binary",0
"399",0.995,"sensitivity","binary",0
"400",0.9975,"sensitivity","binary",0
"401",1,"sensitivity","binary",0
"402",0,"specificity","binary",0
"403",0.0025,"specificity","binary",2e-04
"404",0.005,"specificity","binary",0.0024
"405",0.0075,"specificity","binary",0.0062
"406",0.01,"specificity","binary",0.0102
"407",0.0125,"specificity","binary",0.0138
"408",0.015,"specificity","binary",0.0176
"409",0.0175,"specificity","binary",0.0232
"410",0.02,"specificity","binary",0.0282
"411",0.0225,"specificity","binary",0.0314
"412",0.025,"specificity","binary",0.0372
"413",0.0275,"specificity","binary",0.042
"414",0.03,"specificity","binary",0.0474
"415",0.0325,"specificity","binary",0.0518
"416",0.035,"specificity","binary",0.0562
"417",0.0375,"specificity","binary",0.061
"418",0.04,"specificity","binary",0.0702
"419",0.0425,"specificity","binary",0.0762
"420",0.045,"specificity","binary",0.0826
"421",0.0475,"specificity","binary",0.0882
"422",0.05,"specificity","binary",0.0942
"423",0.0525,"specificity","binary",0.0998
"424",0.055,"specificity","binary",0.1058
"425",0.0575,"specificity","binary",0.1124
"426",0.06,"specificity","binary",0.1186
"427",0.0625,"specificity","binary",0.1282
"428",0.065,"specificity","binary",0.1372
"429",0.0675,"specificity","binary",0.1436
"430",0.07,"specificity","binary",0.1482
"431",0.0725,"specificity","binary",0.1546
"432",0.075,"specificity","binary",0.1634
"433",0.0775,"specificity","binary",0.1678
"434",0.08,"specificity","binary",0.173
"435",0.0825,"specificity","binary",0.1818
"436",0.085,"specificity","binary",0.1896
"437",0.0875,"specificity","binary",0.1968
"438",0.09,"specificity","binary",0.2022
"439",0.0925,"specificity","binary",0.2088
"440",0.095,"specificity","binary",0.2144
"441",0.0975,"specificity","binary",0.2196
"442",0.1,"specificity","binary",0.2254
"443",0.1025,"specificity","binary",0.2326
"444",0.105,"specificity","binary",0.2386
"445",0.1075,"specificity","binary",0.2444
"446",0.11,"specificity","binary",0.251
"447",0.1125,"specificity","binary",0.256
"448",0.115,"specificity","binary",0.2592
"449",0.1175,"specificity","binary",0.2632
"450",0.12,"specificity","binary",0.2686
"451",0.1225,"specificity","binary",0.274
"452",0.125,"specificity","binary",0.279
"453",0.1275,"specificity","binary",0.2848
"454",0.13,"specificity","binary",0.2892
"455",0.1325,"specificity","binary",0.2946
"456",0.135,"specificity","binary",0.2984
"457",0.1375,"specificity","binary",0.3042
"458",0.14,"specificity","binary",0.3088
"459",0.1425,"specificity","binary",0.3138
"460",0.145,"specificity","binary",0.3192
"461",0.1475,"specificity","binary",0.3254
"462",0.15,"specificity","binary",0.3294
"463",0.1525,"specificity","binary",0.3352
"464",0.155,"specificity","binary",0.3392
"465",0.1575,"specificity","binary",0.3432
"466",0.16,"specificity","binary",0.3472
"467",0.1625,"specificity","binary",0.3536
"468",0.165,"specificity","binary",0.3568
"469",0.1675,"specificity","binary",0.359
"470",0.17,"specificity","binary",0.3638
"471",0.1725,"specificity","binary",0.3696
"472",0.175,"specificity","binary",0.374
"473",0.1775,"specificity","binary",0.3786
"474",0.18,"specificity","binary",0.3828
"475",0.1825,"specificity","binary",0.3876
"476",0.185,"specificity","binary",0.3918
"477",0.1875,"specificity","binary",0.3962
"478",0.19,"specificity","binary",0.3986
"479",0.1925,"specificity","binary",0.4026
"480",0.195,"specificity","binary",0.4068
"481",0.1975,"specificity","binary",0.4096
"482",0.2,"specificity","binary",0.4128
"483",0.2025,"specificity","binary",0.4156
"484",0.205,"specificity","binary",0.42
"485",0.2075,"specificity","binary",0.424
"486",0.21,"specificity","binary",0.4278
"487",0.2125,"specificity","binary",0.4308
"488",0.215,"specificity","binary",0.435
"489",0.2175,"specificity","binary",0.4394
"490",0.22,"specificity","binary",0.4436
"491",0.2225,"specificity","binary",0.4472
"492",0.225,"specificity","binary",0.4496
"493",0.2275,"specificity","binary",0.4538
"494",0.23,"specificity","binary",0.4562
"495",0.2325,"specificity","binary",0.459
"496",0.235,"specificity","binary",0.4626
"497",0.2375,"specificity","binary",0.4666
"498",0.24,"specificity","binary",0.4714
"499",0.2425,"specificity","binary",0.4752
"500",0.245,"specificity","binary",0.4782
"501",0.2475,"specificity","binary",0.4814
"502",0.25,"specificity","binary",0.4858
"503",0.2525,"specificity","binary",0.49
"504",0.255,"specificity","binary",0.4928
"505",0.2575,"specificity","binary",0.4954
"506",0.26,"specificity","binary",0.4986
"507",0.2625,"specificity","binary",0.5014
"508",0.265,"specificity","binary",0.5048
"509",0.2675,"specificity","binary",0.5082
"510",0.27,"specificity","binary",0.5124
"511",0.2725,"specificity","binary",0.5146
"512",0.275,"specificity","binary",0.5178
"513",0.2775,"specificity","binary",0.5202
"514",0.28,"specificity","binary",0.5252
"515",0.2825,"specificity","binary",0.5286
"516",0.285,"specificity","binary",0.533
"517",0.2875,"specificity","binary",0.536
"518",0.29,"specificity","binary",0.5396
"519",0.2925,"specificity","binary",0.5444
"520",0.295,"specificity","binary",0.5468
"521",0.2975,"specificity","binary",0.5512
"522",0.3,"specificity","binary",0.5556
"523",0.3025,"specificity","binary",0.559
"524",0.305,"specificity","binary",0.5606
"525",0.3075,"specificity","binary",0.563
"526",0.31,"specificity","binary",0.5666
"527",0.3125,"specificity","binary",0.5712
"528",0.315,"specificity","binary",0.5734
"529",0.3175,"specificity","binary",0.576
"530",0.32,"specificity","binary",0.5792
"531",0.3225,"specificity","binary",0.5826
"532",0.325,"specificity","binary",0.5858
"533",0.3275,"specificity","binary",0.5892
"534",0.33,"specificity","binary",0.5916
"535",0.3325,"specificity","binary",0.5952
"536",0.335,"specificity","binary",0.598
"537",0.3375,"specificity","binary",0.601
"538",0.34,"specificity","binary",0.6046
"539",0.3425,"specificity","binary",0.6072
"540",0.345,"specificity","binary",0.611
"541",0.3475,"specificity","binary",0.6138
"542",0.35,"specificity","binary",0.6154
"543",0.3525,"specificity","binary",0.6182
"544",0.355,"specificity","binary",0.6208
"545",0.3575,"specificity","binary",0.6242
"546",0.36,"specificity","binary",0.6272
"547",0.3625,"specificity","binary",0.631
"548",0.365,"specificity","binary",0.635
"549",0.3675,"specificity","binary",0.6376
"550",0.37,"specificity","binary",0.6402
"551",0.3725,"specificity","binary",0.6442
"552",0.375,"specificity","binary",0.6462
"553",0.3775,"specificity","binary",0.6484
"554",0.38,"specificity","binary",0.6516
"555",0.3825,"specificity","binary",0.6552
"556",0.385,"specificity","binary",0.6588
"557",0.3875,"specificity","binary",0.6608
"558",0.39,"specificity","binary",0.663
"559",0.3925,"specificity","binary",0.6666
"560",0.395,"specificity","binary",0.6692
"561",0.3975,"specificity","binary",0.671
"562",0.4,"specificity","binary",0.673
"563",0.4025,"specificity","binary",0.675
"564",0.405,"specificity","binary",0.6784
"565",0.4075,"specificity","binary",0.6808
"566",0.41,"specificity","binary",0.6838
"567",0.4125,"specificity","binary",0.6876
"568",0.415,"specificity","binary",0.6906
"569",0.4175,"specificity","binary",0.6926
"570",0.42,"specificity","binary",0.6952
"571",0.4225,"specificity","binary",0.699
"572",0.425,"specificity","binary",0.7014
"573",0.4275,"specificity","binary",0.705
"574",0.43,"specificity","binary",0.7066
"575",0.4325,"specificity","binary",0.7098
"576",0.435,"specificity","binary",0.7126
"577",0.4375,"specificity","binary",0.7152
"578",0.44,"specificity","binary",0.7178
"579",0.4425,"specificity","binary",0.7208
"580",0.445,"specificity","binary",0.7232
"581",0.4475,"specificity","binary",0.7254
"582",0.45,"specificity","binary",0.728
"583",0.4525,"specificity","binary",0.7316
"584",0.455,"specificity","binary",0.734
"585",0.4575,"specificity","binary",0.7368
"586",0.46,"specificity","binary",0.7402
"587",0.4625,"specificity","binary",0.7428
"588",0.465,"specificity","binary",0.746
"589",0.4675,"specificity","binary",0.7482
"590",0.47,"specificity","binary",0.752
"591",0.4725,"specificity","binary",0.7542
"592",0.475,"specificity","binary",0.7556
"593",0.4775,"specificity","binary",0.757
"594",0.48,"specificity","binary",0.76
"595",0.4825,"specificity","binary",0.7626
"596",0.485,"specificity","binary",0.7672
"597",0.4875,"specificity","binary",0.768
"598",0.49,"specificity","binary",0.77
"599",0.4925,"specificity","binary",0.7732
"600",0.495,"specificity","binary",0.7756
"601",0.4975,"specificity","binary",0.779
"602",0.5,"specificity","binary",0.7824
"603",0.5025,"specificity","binary",0.7864
"604",0.505,"specificity","binary",0.7888
"605",0.5075,"specificity","binary",0.791
"606",0.51,"specificity","binary",0.7926
"607",0.5125,"specificity","binary",0.7954
"608",0.515,"specificity","binary",0.7982
"609",0.5175,"specificity","binary",0.801
"610",0.52,"specificity","binary",0.8034
"611",0.5225,"specificity","binary",0.8044
"612",0.525,"specificity","binary",0.8064
"613",0.5275,"specificity","binary",0.8082
"614",0.53,"specificity","binary",0.8108
"615",0.5325,"specificity","binary",0.8138
"616",0.535,"specificity","binary",0.8166
"617",0.5375,"specificity","binary",0.8186
"618",0.54,"specificity","binary",0.8204
"619",0.5425,"specificity","binary",0.8246
"620",0.545,"specificity","binary",0.8268
"621",0.5475,"specificity","binary",0.8312
"622",0.55,"specificity","binary",0.8326
"623",0.5525,"specificity","binary",0.834
"624",0.555,"specificity","binary",0.8356
"625",0.5575,"specificity","binary",0.8378
"626",0.56,"specificity","binary",0.8404
"627",0.5625,"specificity","binary",0.8422
"628",0.565,"specificity","binary",0.8442
"629",0.5675,"specificity","binary",0.8458
"630",0.57,"specificity","binary",0.8482
"631",0.5725,"specificity","binary",0.8516
"632",0.575,"specificity","binary",0.8534
"633",0.5775,"specificity","binary",0.8574
"634",0.58,"specificity","binary",0.859
"635",0.5825,"specificity","binary",0.8606
"636",0.585,"specificity","binary",0.8626
"637",0.5875,"specificity","binary",0.8632
"638",0.59,"specificity","binary",0.8638
"639",0.5925,"specificity","binary",0.8652
"640",0.595,"specificity","binary",0.8672
"641",0.5975,"specificity","binary",0.8692
"642",0.6,"specificity","binary",0.871
"643",0.6025,"specificity","binary",0.8732
"644",0.605,"specificity","binary",0.8766
"645",0.6075,"specificity","binary",0.878
"646",0.61,"specificity","binary",0.8802
"647",0.6125,"specificity","binary",0.882
"648",0.615,"specificity","binary",0.884
"649",0.6175,"specificity","binary",0.8854
"650",0.62,"specificity","binary",0.888
"651",0.6225,"specificity","binary",0.8892
"652",0.625,"specificity","binary",0.891
"653",0.6275,"specificity","binary",0.892
"654",0.63,"specificity","binary",0.8944
"655",0.6325,"specificity","binary",0.896
"656",0.635,"specificity","binary",0.8986
"657",0.6375,"specificity","binary",0.9002
"658",0.64,"specificity","binary",0.9024
"659",0.6425,"specificity","binary",0.9038
"660",0.645,"specificity","binary",0.9056
"661",0.6475,"specificity","binary",0.9068
"662",0.65,"specificity","binary",0.9082
"663",0.6525,"specificity","binary",0.909
"664",0.655,"specificity","binary",0.9102
"665",0.6575,"specificity","binary",0.9112
"666",0.66,"specificity","binary",0.9126
"667",0.6625,"specificity","binary",0.915
"668",0.665,"specificity","binary",0.9172
"669",0.6675,"specificity","binary",0.9184
"670",0.67,"specificity","binary",0.92
"671",0.6725,"specificity","binary",0.9214
"672",0.675,"specificity","binary",0.9232
"673",0.6775,"specificity","binary",0.9242
"674",0.68,"specificity","binary",0.925
"675",0.6825,"specificity","binary",0.926
"676",0.685,"specificity","binary",0.9284
"677",0.6875,"specificity","binary",0.9302
"678",0.69,"specificity","binary",0.932
"679",0.6925,"specificity","binary",0.9332
"680",0.695,"specificity","binary",0.9344
"681",0.6975,"specificity","binary",0.935
"682",0.7,"specificity","binary",0.9354
"683",0.7025,"specificity","binary",0.9366
"684",0.705,"specificity","binary",0.9378
"685",0.7075,"specificity","binary",0.938
"686",0.71,"specificity","binary",0.939
"687",0.7125,"specificity","binary",0.9396
"688",0.715,"specificity","binary",0.941
"689",0.7175,"specificity","binary",0.9422
"690",0.72,"specificity","binary",0.9434
"691",0.7225,"specificity","binary",0.9448
"692",0.725,"specificity","binary",0.9454
"693",0.7275,"specificity","binary",0.9462
"694",0.73,"specificity","binary",0.9468
"695",0.7325,"specificity","binary",0.948
"696",0.735,"specificity","binary",0.9496
"697",0.7375,"specificity","binary",0.951
"698",0.74,"specificity","binary",0.9518
"699",0.7425,"specificity","binary",0.9524
"700",0.745,"specificity","binary",0.9538
"701",0.7475,"specificity","binary",0.9544
"702",0.75,"specificity","binary",0.955
"703",0.7525,"specificity","binary",0.9554
"704",0.755,"specificity","binary",0.956
"705",0.7575,"specificity","binary",0.957
"706",0.76,"specificity","binary",0.9578
"707",0.7625,"specificity","binary",0.9582
"708",0.765,"specificity","binary",0.9592
"709",0.7675,"specificity","binary",0.9602
"710",0.77,"specificity","binary",0.9608
"711",0.7725,"specificity","binary",0.9618
"712",0.775,"specificity","binary",0.9628
"713",0.7775,"specificity","binary",0.9638
"714",0.78,"specificity","binary",0.965
"715",0.7825,"specificity","binary",0.966
"716",0.785,"specificity","binary",0.969
"717",0.7875,"specificity","binary",0.9696
"718",0.79,"specificity","binary",0.9706
"719",0.7925,"specificity","binary",0.971
"720",0.795,"specificity","binary",0.9714
"721",0.7975,"specificity","binary",0.973
"722",0.8,"specificity","binary",0.9738
"723",0.8025,"specificity","binary",0.9742
"724",0.805,"specificity","binary",0.9746
"725",0.8075,"specificity","binary",0.9752
"726",0.81,"specificity","binary",0.9762
"727",0.8125,"specificity","binary",0.9768
"728",0.815,"specificity","binary",0.9772
"729",0.8175,"specificity","binary",0.978
"730",0.82,"specificity","binary",0.9786
"731",0.8225,"specificity","binary",0.9792
"732",0.825,"specificity","binary",0.9798
"733",0.8275,"specificity","binary",0.9804
"734",0.83,"specificity","binary",0.9808
"735",0.8325,"specificity","binary",0.9812
"736",0.835,"specificity","binary",0.9818
"737",0.8375,"specificity","binary",0.9818
"738",0.84,"specificity","binary",0.9822
"739",0.8425,"specificity","binary",0.983
"740",0.845,"specificity","binary",0.9834
"741",0.8475,"specificity","binary",0.9838
"742",0.85,"specificity","binary",0.9842
"743",0.8525,"specificity","binary",0.9848
"744",0.855,"specificity","binary",0.986
"745",0.8575,"specificity","binary",0.9866
"746",0.86,"specificity","binary",0.987
"747",0.8625,"specificity","binary",0.9872
"748",0.865,"specificity","binary",0.988
"749",0.8675,"specificity","binary",0.9882
"750",0.87,"specificity","binary",0.9886
"751",0.8725,"specificity","binary",0.989
"752",0.875,"specificity","binary",0.9892
"753",0.8775,"specificity","binary",0.9896
"754",0.88,"specificity","binary",0.9902
"755",0.8825,"specificity","binary",0.9908
"756",0.885,"specificity","binary",0.991
"757",0.8875,"specificity","binary",0.9912
"758",0.89,"specificity","binary",0.9914
"759",0.8925,"specificity","binary",0.9914
"760",0.895,"specificity","binary",0.9916
"761",0.8975,"specificity","binary",0.992
"762",0.9,"specificity","binary",0.9922
"763",0.9025,"specificity","binary",0.9926
"764",0.905,"specificity","binary",0.993
"765",0.9075,"specificity","binary",0.9934
"766",0.91,"specificity","binary",0.9936
"767",0.9125,"specificity","binary",0.9942
"768",0.915,"specificity","binary",0.9946
"769",0.9175,"specificity","binary",0.9948
"770",0.92,"specificity","binary",0.995
"771",0.9225,"specificity","binary",0.9956
"772",0.925,"specificity","binary",0.9958
"773",0.9275,"specificity","binary",0.9958
"774",0.93,"specificity","binary",0.9962
"775",0.9325,"specificity","binary",0.9966
"776",0.935,"specificity","binary",0.9968
"777",0.9375,"specificity","binary",0.997
"778",0.94,"specificity","binary",0.9972
"779",0.9425,"specificity","binary",0.9982
"780",0.945,"specificity","binary",0.9988
"781",0.9475,"specificity","binary",0.9988
"782",0.95,"specificity","binary",0.9988
"783",0.9525,"specificity","binary",0.9992
"784",0.955,"specificity","binary",0.9994
"785",0.9575,"specificity","binary",0.9996
"786",0.96,"specificity","binary",0.9996
"787",0.9625,"specificity","binary",0.9996
"788",0.965,"specificity","binary",0.9996
"789",0.9675,"specificity","binary",0.9998
"790",0.97,"specificity","binary",0.9998
"791",0.9725,"specificity","binary",0.9998
"792",0.975,"specificity","binary",1
"793",0.9775,"specificity","binary",1
"794",0.98,"specificity","binary",1
"795",0.9825,"specificity","binary",1
"796",0.985,"specificity","binary",1
"797",0.9875,"specificity","binary",1
"798",0.99,"specificity","binary",1
"799",0.9925,"specificity","binary",1
"800",0.995,"specificity","binary",1
"801",0.9975,"specificity","binary",1
"802",1,"specificity","binary",1
"803",0,"j_index","binary",0
"804",0.0025,"j_index","binary",0.000199999999999978
"805",0.005,"j_index","binary",0.00239999999999996
"806",0.0075,"j_index","binary",0.00619999999999998
"807",0.01,"j_index","binary",0.0102
"808",0.0125,"j_index","binary",0.0138
"809",0.015,"j_index","binary",0.0176000000000001
"810",0.0175,"j_index","binary",0.0232000000000001
"811",0.02,"j_index","binary",0.0282
"812",0.0225,"j_index","binary",0.0312000000000001
"813",0.025,"j_index","binary",0.0369999999999999
"814",0.0275,"j_index","binary",0.0418000000000001
"815",0.03,"j_index","binary",0.0470000000000002
"816",0.0325,"j_index","binary",0.0509999999999999
"817",0.035,"j_index","binary",0.0553999999999999
"818",0.0375,"j_index","binary",0.06
"819",0.04,"j_index","binary",0.0691999999999999
"820",0.0425,"j_index","binary",0.0751999999999999
"821",0.045,"j_index","binary",0.0815999999999999
"822",0.0475,"j_index","binary",0.0872
"823",0.05,"j_index","binary",0.093
"824",0.0525,"j_index","binary",0.0986
"825",0.055,"j_index","binary",0.1046
"826",0.0575,"j_index","binary",0.111
"827",0.06,"j_index","binary",0.117
"828",0.0625,"j_index","binary",0.1266
"829",0.065,"j_index","binary",0.1356
"830",0.0675,"j_index","binary",0.1416
"831",0.07,"j_index","binary",0.1462
"832",0.0725,"j_index","binary",0.1524
"833",0.075,"j_index","binary",0.1612
"834",0.0775,"j_index","binary",0.1654
"835",0.08,"j_index","binary",0.1704
"836",0.0825,"j_index","binary",0.1788
"837",0.085,"j_index","binary",0.1862
"838",0.0875,"j_index","binary",0.1932
"839",0.09,"j_index","binary",0.1986
"840",0.0925,"j_index","binary",0.2048
"841",0.095,"j_index","binary",0.2104
"842",0.0975,"j_index","binary",0.2156
"843",0.1,"j_index","binary",0.2214
"844",0.1025,"j_index","binary",0.2282
"845",0.105,"j_index","binary",0.234
"846",0.1075,"j_index","binary",0.2398
"847",0.11,"j_index","binary",0.2462
"848",0.1125,"j_index","binary",0.2506
"849",0.115,"j_index","binary",0.2538
"850",0.1175,"j_index","binary",0.2578
"851",0.12,"j_index","binary",0.2626
"852",0.1225,"j_index","binary",0.2676
"853",0.125,"j_index","binary",0.2722
"854",0.1275,"j_index","binary",0.2772
"855",0.13,"j_index","binary",0.2814
"856",0.1325,"j_index","binary",0.2868
"857",0.135,"j_index","binary",0.2904
"858",0.1375,"j_index","binary",0.296
"859",0.14,"j_index","binary",0.3
"860",0.1425,"j_index","binary",0.3044
"861",0.145,"j_index","binary",0.3092
"862",0.1475,"j_index","binary",0.3152
"863",0.15,"j_index","binary",0.3184
"864",0.1525,"j_index","binary",0.3236
"865",0.155,"j_index","binary",0.327
"866",0.1575,"j_index","binary",0.3304
"867",0.16,"j_index","binary",0.334
"868",0.1625,"j_index","binary",0.34
"869",0.165,"j_index","binary",0.3432
"870",0.1675,"j_index","binary",0.3452
"871",0.17,"j_index","binary",0.3498
"872",0.1725,"j_index","binary",0.3554
"873",0.175,"j_index","binary",0.3594
"874",0.1775,"j_index","binary",0.3638
"875",0.18,"j_index","binary",0.3678
"876",0.1825,"j_index","binary",0.3722
"877",0.185,"j_index","binary",0.3754
"878",0.1875,"j_index","binary",0.3794
"879",0.19,"j_index","binary",0.3814
"880",0.1925,"j_index","binary",0.3852
"881",0.195,"j_index","binary",0.389
"882",0.1975,"j_index","binary",0.3914
"883",0.2,"j_index","binary",0.3942
"884",0.2025,"j_index","binary",0.397
"885",0.205,"j_index","binary",0.401
"886",0.2075,"j_index","binary",0.4046
"887",0.21,"j_index","binary",0.408
"888",0.2125,"j_index","binary",0.4108
"889",0.215,"j_index","binary",0.4146
"890",0.2175,"j_index","binary",0.4188
"891",0.22,"j_index","binary",0.4224
"892",0.2225,"j_index","binary",0.4256
"893",0.225,"j_index","binary",0.4272
"894",0.2275,"j_index","binary",0.4308
"895",0.23,"j_index","binary",0.4332
"896",0.2325,"j_index","binary",0.4356
"897",0.235,"j_index","binary",0.4388
"898",0.2375,"j_index","binary",0.442
"899",0.24,"j_index","binary",0.4464
"900",0.2425,"j_index","binary",0.45
"901",0.245,"j_index","binary",0.452
"902",0.2475,"j_index","binary",0.455
"903",0.25,"j_index","binary",0.459
"904",0.2525,"j_index","binary",0.462
"905",0.255,"j_index","binary",0.4644
"906",0.2575,"j_index","binary",0.4662
"907",0.26,"j_index","binary",0.4686
"908",0.2625,"j_index","binary",0.4704
"909",0.265,"j_index","binary",0.4734
"910",0.2675,"j_index","binary",0.476
"911",0.27,"j_index","binary",0.4796
"912",0.2725,"j_index","binary",0.4806
"913",0.275,"j_index","binary",0.4828
"914",0.2775,"j_index","binary",0.4844
"915",0.28,"j_index","binary",0.489
"916",0.2825,"j_index","binary",0.4916
"917",0.285,"j_index","binary",0.4954
"918",0.2875,"j_index","binary",0.4972
"919",0.29,"j_index","binary",0.5
"920",0.2925,"j_index","binary",0.5036
"921",0.295,"j_index","binary",0.5048
"922",0.2975,"j_index","binary",0.5082
"923",0.3,"j_index","binary",0.5118
"924",0.3025,"j_index","binary",0.514
"925",0.305,"j_index","binary",0.515
"926",0.3075,"j_index","binary",0.516
"927",0.31,"j_index","binary",0.5192
"928",0.3125,"j_index","binary",0.523
"929",0.315,"j_index","binary",0.5238
"930",0.3175,"j_index","binary",0.525
"931",0.32,"j_index","binary",0.5268
"932",0.3225,"j_index","binary",0.5294
"933",0.325,"j_index","binary",0.5324
"934",0.3275,"j_index","binary",0.534
"935",0.33,"j_index","binary",0.5354
"936",0.3325,"j_index","binary",0.5384
"937",0.335,"j_index","binary",0.5394
"938",0.3375,"j_index","binary",0.5406
"939",0.34,"j_index","binary",0.5436
"940",0.3425,"j_index","binary",0.5448
"941",0.345,"j_index","binary",0.5474
"942",0.3475,"j_index","binary",0.5484
"943",0.35,"j_index","binary",0.5478
"944",0.3525,"j_index","binary",0.5486
"945",0.355,"j_index","binary",0.5502
"946",0.3575,"j_index","binary",0.5524
"947",0.36,"j_index","binary",0.553
"948",0.3625,"j_index","binary",0.5554
"949",0.365,"j_index","binary",0.5584
"950",0.3675,"j_index","binary",0.5594
"951",0.37,"j_index","binary",0.5604
"952",0.3725,"j_index","binary",0.5626
"953",0.375,"j_index","binary",0.5644
"954",0.3775,"j_index","binary",0.5642
"955",0.38,"j_index","binary",0.5648
"956",0.3825,"j_index","binary",0.5668
"957",0.385,"j_index","binary",0.5692
"958",0.3875,"j_index","binary",0.5696
"959",0.39,"j_index","binary",0.5706
"960",0.3925,"j_index","binary",0.5716
"961",0.395,"j_index","binary",0.5718
"962",0.3975,"j_index","binary",0.5722
"963",0.4,"j_index","binary",0.5724
"964",0.4025,"j_index","binary",0.5732
"965",0.405,"j_index","binary",0.5732
"966",0.4075,"j_index","binary",0.5736
"967",0.41,"j_index","binary",0.576
"968",0.4125,"j_index","binary",0.577
"969",0.415,"j_index","binary",0.5782
"970",0.4175,"j_index","binary",0.5784
"971",0.42,"j_index","binary",0.5794
"972",0.4225,"j_index","binary",0.5806
"973",0.425,"j_index","binary",0.5808
"974",0.4275,"j_index","binary",0.5834
"975",0.43,"j_index","binary",0.5832
"976",0.4325,"j_index","binary",0.5844
"977",0.435,"j_index","binary",0.585
"978",0.4375,"j_index","binary",0.5854
"979",0.44,"j_index","binary",0.586
"980",0.4425,"j_index","binary",0.5868
"981",0.445,"j_index","binary",0.5866
"982",0.4475,"j_index","binary",0.5866
"983",0.45,"j_index","binary",0.5862
"984",0.4525,"j_index","binary",0.5872
"985",0.455,"j_index","binary",0.5866
"986",0.4575,"j_index","binary",0.587
"987",0.46,"j_index","binary",0.5876
"988",0.4625,"j_index","binary",0.5864
"989",0.465,"j_index","binary",0.5876
"990",0.4675,"j_index","binary",0.5872
"991",0.47,"j_index","binary",0.5888
"992",0.4725,"j_index","binary",0.589
"993",0.475,"j_index","binary",0.5878
"994",0.4775,"j_index","binary",0.586
"995",0.48,"j_index","binary",0.5864
"996",0.4825,"j_index","binary",0.5866
"997",0.485,"j_index","binary",0.5886
"998",0.4875,"j_index","binary",0.587
"999",0.49,"j_index","binary",0.5866
"1000",0.4925,"j_index","binary",0.5862
"1001",0.495,"j_index","binary",0.586
"1002",0.4975,"j_index","binary",0.585
"1003",0.5,"j_index","binary",0.5854
"1004",0.5025,"j_index","binary",0.5864
"1005",0.505,"j_index","binary",0.5864
"1006",0.5075,"j_index","binary",0.586
"1007",0.51,"j_index","binary",0.5856
"1008",0.5125,"j_index","binary",0.5846
"1009",0.515,"j_index","binary",0.5846
"1010",0.5175,"j_index","binary",0.5854
"1011",0.52,"j_index","binary",0.585
"1012",0.5225,"j_index","binary",0.5836
"1013",0.525,"j_index","binary",0.5832
"1014",0.5275,"j_index","binary",0.5838
"1015",0.53,"j_index","binary",0.5844
"1016",0.5325,"j_index","binary",0.5842
"1017",0.535,"j_index","binary",0.5842
"1018",0.5375,"j_index","binary",0.584
"1019",0.54,"j_index","binary",0.5822
"1020",0.5425,"j_index","binary",0.5836
"1021",0.545,"j_index","binary",0.5834
"1022",0.5475,"j_index","binary",0.5852
"1023",0.55,"j_index","binary",0.5826
"1024",0.5525,"j_index","binary",0.5816
"1025",0.555,"j_index","binary",0.5804
"1026",0.5575,"j_index","binary",0.5782
"1027",0.56,"j_index","binary",0.5784
"1028",0.5625,"j_index","binary",0.5782
"1029",0.565,"j_index","binary",0.5766
"1030",0.5675,"j_index","binary",0.5748
"1031",0.57,"j_index","binary",0.5736
"1032",0.5725,"j_index","binary",0.5744
"1033",0.575,"j_index","binary",0.5738
"1034",0.5775,"j_index","binary",0.5754
"1035",0.58,"j_index","binary",0.574
"1036",0.5825,"j_index","binary",0.573
"1037",0.585,"j_index","binary",0.5736
"1038",0.5875,"j_index","binary",0.5714
"1039",0.59,"j_index","binary",0.5688
"1040",0.5925,"j_index","binary",0.568
"1041",0.595,"j_index","binary",0.5676
"1042",0.5975,"j_index","binary",0.566
"1043",0.6,"j_index","binary",0.5638
"1044",0.6025,"j_index","binary",0.5618
"1045",0.605,"j_index","binary",0.5602
"1046",0.6075,"j_index","binary",0.559
"1047",0.61,"j_index","binary",0.5594
"1048",0.6125,"j_index","binary",0.558
"1049",0.615,"j_index","binary",0.5568
"1050",0.6175,"j_index","binary",0.5552
"1051",0.62,"j_index","binary",0.5548
"1052",0.6225,"j_index","binary",0.5508
"1053",0.625,"j_index","binary",0.5508
"1054",0.6275,"j_index","binary",0.5484
"1055",0.63,"j_index","binary",0.5478
"1056",0.6325,"j_index","binary",0.547
"1057",0.635,"j_index","binary",0.5462
"1058",0.6375,"j_index","binary",0.5446
"1059",0.64,"j_index","binary",0.5426
"1060",0.6425,"j_index","binary",0.5402
"1061",0.645,"j_index","binary",0.5372
"1062",0.6475,"j_index","binary",0.5332
"1063",0.65,"j_index","binary",0.5308
"1064",0.6525,"j_index","binary",0.5278
"1065",0.655,"j_index","binary",0.5244
"1066",0.6575,"j_index","binary",0.521
"1067",0.66,"j_index","binary",0.5196
"1068",0.6625,"j_index","binary",0.5178
"1069",0.665,"j_index","binary",0.5162
"1070",0.6675,"j_index","binary",0.5128
"1071",0.67,"j_index","binary",0.5098
"1072",0.6725,"j_index","binary",0.5082
"1073",0.675,"j_index","binary",0.5056
"1074",0.6775,"j_index","binary",0.5036
"1075",0.68,"j_index","binary",0.5006
"1076",0.6825,"j_index","binary",0.4994
"1077",0.685,"j_index","binary",0.498
"1078",0.6875,"j_index","binary",0.4952
"1079",0.69,"j_index","binary",0.4938
"1080",0.6925,"j_index","binary",0.4904
"1081",0.695,"j_index","binary",0.4876
"1082",0.6975,"j_index","binary",0.4846
"1083",0.7,"j_index","binary",0.4808
"1084",0.7025,"j_index","binary",0.4784
"1085",0.705,"j_index","binary",0.4764
"1086",0.7075,"j_index","binary",0.4726
"1087",0.71,"j_index","binary",0.47
"1088",0.7125,"j_index","binary",0.4664
"1089",0.715,"j_index","binary",0.4638
"1090",0.7175,"j_index","binary",0.4602
"1091",0.72,"j_index","binary",0.4572
"1092",0.7225,"j_index","binary",0.4554
"1093",0.725,"j_index","binary",0.4518
"1094",0.7275,"j_index","binary",0.4496
"1095",0.73,"j_index","binary",0.4458
"1096",0.7325,"j_index","binary",0.4426
"1097",0.735,"j_index","binary",0.4404
"1098",0.7375,"j_index","binary",0.438
"1099",0.74,"j_index","binary",0.4342
"1100",0.7425,"j_index","binary",0.43
"1101",0.745,"j_index","binary",0.427
"1102",0.7475,"j_index","binary",0.4252
"1103",0.75,"j_index","binary",0.4226
"1104",0.7525,"j_index","binary",0.4184
"1105",0.755,"j_index","binary",0.4166
"1106",0.7575,"j_index","binary",0.4134
"1107",0.76,"j_index","binary",0.409
"1108",0.7625,"j_index","binary",0.4058
"1109",0.765,"j_index","binary",0.4022
"1110",0.7675,"j_index","binary",0.3994
"1111",0.77,"j_index","binary",0.3958
"1112",0.7725,"j_index","binary",0.3928
"1113",0.775,"j_index","binary",0.3888
"1114",0.7775,"j_index","binary",0.3848
"1115",0.78,"j_index","binary",0.3822
"1116",0.7825,"j_index","binary",0.38
"1117",0.785,"j_index","binary",0.3786
"1118",0.7875,"j_index","binary",0.3728
"1119",0.79,"j_index","binary",0.3696
"1120",0.7925,"j_index","binary",0.3654
"1121",0.795,"j_index","binary",0.3612
"1122",0.7975,"j_index","binary",0.358
"1123",0.8,"j_index","binary",0.3542
"1124",0.8025,"j_index","binary",0.3512
"1125",0.805,"j_index","binary",0.3472
"1126",0.8075,"j_index","binary",0.3434
"1127",0.81,"j_index","binary",0.3406
"1128",0.8125,"j_index","binary",0.3376
"1129",0.815,"j_index","binary",0.335
"1130",0.8175,"j_index","binary",0.3314
"1131",0.82,"j_index","binary",0.3274
"1132",0.8225,"j_index","binary",0.323
"1133",0.825,"j_index","binary",0.3204
"1134",0.8275,"j_index","binary",0.3152
"1135",0.83,"j_index","binary",0.3106
"1136",0.8325,"j_index","binary",0.3074
"1137",0.835,"j_index","binary",0.3026
"1138",0.8375,"j_index","binary",0.2978
"1139",0.84,"j_index","binary",0.292
"1140",0.8425,"j_index","binary",0.2874
"1141",0.845,"j_index","binary",0.2836
"1142",0.8475,"j_index","binary",0.2776
"1143",0.85,"j_index","binary",0.2716
"1144",0.8525,"j_index","binary",0.2664
"1145",0.855,"j_index","binary",0.2628
"1146",0.8575,"j_index","binary",0.2582
"1147",0.86,"j_index","binary",0.254
"1148",0.8625,"j_index","binary",0.2482
"1149",0.865,"j_index","binary",0.246
"1150",0.8675,"j_index","binary",0.2406
"1151",0.87,"j_index","binary",0.2356
"1152",0.8725,"j_index","binary",0.2296
"1153",0.875,"j_index","binary",0.2242
"1154",0.8775,"j_index","binary",0.2188
"1155",0.88,"j_index","binary",0.2148
"1156",0.8825,"j_index","binary",0.21
"1157",0.885,"j_index","binary",0.2052
"1158",0.8875,"j_index","binary",0.2006
"1159",0.89,"j_index","binary",0.1974
"1160",0.8925,"j_index","binary",0.1908
"1161",0.895,"j_index","binary",0.1834
"1162",0.8975,"j_index","binary",0.1756
"1163",0.9,"j_index","binary",0.1702
"1164",0.9025,"j_index","binary",0.1642
"1165",0.905,"j_index","binary",0.1592
"1166",0.9075,"j_index","binary",0.1526
"1167",0.91,"j_index","binary",0.1472
"1168",0.9125,"j_index","binary",0.1412
"1169",0.915,"j_index","binary",0.1354
"1170",0.9175,"j_index","binary",0.1302
"1171",0.92,"j_index","binary",0.1256
"1172",0.9225,"j_index","binary",0.1204
"1173",0.925,"j_index","binary",0.1148
"1174",0.9275,"j_index","binary",0.1084
"1175",0.93,"j_index","binary",0.1036
"1176",0.9325,"j_index","binary",0.0976000000000001
"1177",0.935,"j_index","binary",0.0912
"1178",0.9375,"j_index","binary",0.0848
"1179",0.94,"j_index","binary",0.0800000000000001
"1180",0.9425,"j_index","binary",0.0744
"1181",0.945,"j_index","binary",0.0691999999999999
"1182",0.9475,"j_index","binary",0.0626
"1183",0.95,"j_index","binary",0.056
"1184",0.9525,"j_index","binary",0.0506
"1185",0.955,"j_index","binary",0.0451999999999999
"1186",0.9575,"j_index","binary",0.038
"1187",0.96,"j_index","binary",0.0316000000000001
"1188",0.9625,"j_index","binary",0.0272000000000001
"1189",0.965,"j_index","binary",0.0208000000000002
"1190",0.9675,"j_index","binary",0.0167999999999999
"1191",0.97,"j_index","binary",0.0136000000000001
"1192",0.9725,"j_index","binary",0.00980000000000003
"1193",0.975,"j_index","binary",0.00639999999999996
"1194",0.9775,"j_index","binary",0.00340000000000007
"1195",0.98,"j_index","binary",0.00120000000000009
"1196",0.9825,"j_index","binary",0.000399999999999956
"1197",0.985,"j_index","binary",0
"1198",0.9875,"j_index","binary",0
"1199",0.99,"j_index","binary",0
"1200",0.9925,"j_index","binary",0
"1201",0.995,"j_index","binary",0
"1202",0.9975,"j_index","binary",0
"1203",1,"j_index","binary",0
